coc_number,coc_name,coc_category,total_homeless,es_beds,rrh_beds,psh_beds,population,homeless_rate,psh_beds_pc,rrh_beds_pc,es_beds_pc
AK-500,Anchorage CoC,Other Largely Urban CoC,1760,950,256,720,299321,58.79975010106207,24.054443223161755,8.552690923790847,31.738501475005094
AK-501,Alaska Balance of State CoC,Largely Rural CoC,854,847,105,385,437534,19.518483135024933,8.799316167429273,2.399813500207984,19.358495568344402
AL-500,"Birmingham/Jefferson, St. Clair, Shelby Counties CoC",Largely Suburban CoC,847,424,179,1399,951623,8.900583529401874,14.701199949980191,1.88099699145565,4.455545946241316
AL-501,Mobile City & County/Baldwin County CoC,Other Largely Urban CoC,670,252,173,241,613801,10.915589906174803,3.9263539811763093,2.8185030653257326,4.105565158740373
AL-502,Florence/Northwest Alabama CoC,Largely Rural CoC,195,86,0,0,266276,7.323228529796151,0,0,3.22973155673061
AL-503,Huntsville/North Alabama CoC,Other Largely Urban CoC,646,399,9,154,559785,11.54014487705101,2.751056209080272,0.16077601221897692,7.127736541707977
AL-504,Montgomery City & County CoC,Other Largely Urban CoC,345,169,14,168,384515,8.972341781204895,4.36914034563021,0.3640950288025175,4.395147133401818
AL-506,Tuscaloosa City & County CoC,Other Largely Urban CoC,82,90,0,282,202471,4.049962710709187,13.927920541707207,0,4.4450810239491085
AL-507,Alabama Balance of State CoC,Largely Rural CoC,283,159,24,4,1523472,1.8575989581692345,0.026255815663169393,0.15753489397901635,1.0436686726109832
AR-500,Little Rock/Central Arkansas CoC,Other Largely Urban CoC,773,314,107,966,586996,13.16874390966889,16.45667091428221,1.8228403600705967,5.349269841702498
AR-501,Fayetteville/Northwest Arkansas CoC,Other Largely Urban CoC,436,163,49,203,514338,8.476915957988716,3.9468209620910764,0.9526809218840528,3.1691222503489924
AR-503,Arkansas  Balance of State  CoC,Largely Rural CoC,871,715,98,0,858639,10.143960383816713,0,1.141341122404177,8.327131658357004
AR-505,Southeast Arkansas CoC,Largely Rural CoC,86,103,0,12,307730,2.7946576544373314,0.3899522308517207,0,3.347089981477269
AZ-500,Arizona Balance of State CoC,Largely Rural CoC,2386,890,672,1541,1631977,14.620304085167867,9.442535035726607,4.117705090206541,5.45350822958902
AZ-501,Tucson/Pima County CoC,Major City CoC,2209,785,641,1617,1003338,22.016508893314118,16.116204110678556,6.388674604171276,7.82388387562317
AZ-502,"Phoenix, Mesa/Maricopa County CoC",Major City CoC,9642,4019,1602,6639,4093262,23.55578509267181,16.21933802429456,3.9137489855279237,9.818575014255133
CA-500,San Jose/Santa Clara City & County CoC,Major City CoC,9903,2376,1407,4365,1885056,52.53424831941332,23.155810755754736,7.463969240171114,12.604400081482991
CA-501,San Francisco CoC,Major City CoC,7582,3350,1641,5725,850282,89.17041640302864,67.3306032586836,19.299479466812187,39.398693609884724
CA-502,"Oakland, Berkeley/Alameda County CoC",Major City CoC,9759,2276,1198,5257,1605217,60.795518612125335,32.74946627153837,7.463165416264592,14.178768353437572
CA-503,Sacramento City & County CoC,Major City CoC,9281,2026,933,3553,1479300,62.739133373893054,24.018116676806596,6.307037112147638,13.695666869465288
CA-504,"Santa Rosa, Petaluma/Sonoma County CoC",Other Largely Urban CoC,2266,855,494,1211,497776,45.522484008871466,24.32821188647102,9.924142586223523,17.17640063000225
CA-505,Richmond/Contra Costa County CoC,Largely Suburban CoC,2372,564,294,1325,1107925,21.40939142992531,11.95929327346165,2.6536092244511136,5.090597287722544
CA-506,"Salinas/Monterey, San Benito Counties CoC",Largely Rural CoC,2212,532,183,614,488252,45.304473919205655,12.575473321153831,3.748064524057249,10.896012714745664
CA-507,Marin County CoC,Largely Suburban CoC,1118,192,141,658,259358,43.106439747376214,25.370337525736627,5.436500898372135,7.402894840336524
CA-508,Watsonville/Santa Cruz City & County CoC,Largely Suburban CoC,1804,381,400,746,270931,66.58521911482997,27.53468595325009,14.763906677345892,14.062621110171962
CA-509,Mendocino County CoC,Largely Rural CoC,633,214,108,529,87409,72.4181720417806,60.520083744236864,12.35570707821849,24.482604766099602
CA-510,"Turlock, Modesto/Stanislaus County CoC",Largely Suburban CoC,2091,926,32,705,530561,39.41111389642284,13.287821758478291,0.6031351720160358,17.453224040214035
CA-511,Stockton/San Joaquin County CoC,Largely Suburban CoC,2454,1311,328,787,714860,34.32839996642699,11.00914864448983,4.588310997957642,18.339255238788013
CA-512,Daly/San Mateo County CoC,Largely Suburban CoC,1859,707,384,1137,754748,24.630737676681488,15.064630843672326,5.087790891794347,9.367365001298447
CA-513,"Visalia/Kings, Tulare Counties CoC",Largely Suburban CoC,1470,317,188,264,606030,24.256224939359438,4.35621998910945,3.1021566589112752,5.230764153589757
CA-514,Fresno City & County/Madera County CoC,Major City CoC,4493,1480,441,1491,1116526,40.240890046447646,13.353921001391818,3.9497512821018055,13.255401128142111
CA-515,"Roseville, Rocklin/Placer County CoC",Largely Suburban CoC,709,272,122,199,469210,15.110504891200103,4.241171330534303,2.6001150870612304,5.79697789902176
CA-516,"Redding/Shasta, Siskiyou, Lassen, Plumas, Del Norte, Modoc, Sierra Counties CoC",Largely Rural CoC,2521,677,151,141,313187,80.49503970471315,4.502102577693199,4.821400632848745,21.616478334030468
CA-517,Napa City & County CoC,Other Largely Urban CoC,506,135,145,60,140823,35.931630486497234,4.260667646620226,10.296613479332212,9.586502204895506
CA-518,Vallejo/Solano County CoC,Largely Suburban CoC,1200,183,123,278,429596,27.93322097971117,6.471196193633088,2.863155150420395,4.259816199405954
CA-519,"Chico, Paradise/Butte County CoC",Largely Rural CoC,1237,497,359,220,223877,55.25355440710747,9.826824550981119,16.03559097182828,22.199690008352803
CA-520,Merced City & County CoC,Largely Suburban CoC,784,374,33,160,265001,29.584794019645212,6.037713065233716,1.245278319704454,14.113154289983811
CA-521,"Davis, Woodland/Yolo County CoC",Largely Suburban CoC,737,339,422,379,209671,35.15030690939615,18.075938017179297,20.12677003495953,16.168187302965123
CA-522,Humboldt County CoC,Largely Rural CoC,1656,317,617,279,135182,122.50151647408678,20.638842449438535,45.642171294994895,23.449867585921204
CA-523,"Colusa, Glenn, Trinity Counties CoC",Largely Rural CoC,360,112,0,0,62517,57.58433706031959,0,0,17.91512708543276
CA-524,Yuba City & County/Sutter County CoC,Largely Suburban CoC,963,393,395,113,169303,56.88026792200965,6.674423961772679,23.330951016816005,23.212819619262508
CA-525,El Dorado County CoC,Largely Suburban CoC,491,12,70,39,183000,26.830601092896174,2.1311475409836067,3.8251366120218577,0.6557377049180328
CA-526,"Amador, Calaveras, Mariposa, Tuolumne Counties CoC",Largely Rural CoC,731,268,141,96,153259,47.69703573688984,6.263906198004684,9.200112228319382,17.48673813609641
CA-527,Tehama County CoC,Largely Rural CoC,304,24,185,0,63015,48.242481948742366,0,29.358089343807027,3.8086169959533445
CA-529,Lake County CoC,Largely Rural CoC,460,128,107,12,64076,71.7897496722642,1.8727760784068916,16.69892003246145,19.97627816967351
CA-530,"Alpine, Inyo, Mono Counties CoC",Largely Rural CoC,88,0,0,0,33561,26.22091117666339,0,0,0
CA-600,Los Angeles City & County CoC,Major City CoC,71320,20512,8450,24172,9246562,77.13137055697025,26.14160809174264,9.138531705081304,22.183380157944107
CA-601,San Diego City and County CoC,Major City CoC,10264,4386,2814,6865,3253356,31.548960519537363,21.101287409063136,8.649529900816265,13.481463448820232
CA-602,"Santa Ana, Anaheim/Orange County CoC",Largely Suburban CoC,6050,2814,1304,2917,3132211,19.315429260672413,9.312910273286187,4.163193348085426,8.984069080914407
CA-603,Santa Maria/Santa Barbara County CoC,Largely Suburban CoC,1887,729,285,782,439395,42.94541358003619,17.797198420555535,6.486191240228041,16.590994435530675
CA-604,Bakersfield/Kern County CoC,Major City CoC,1948,889,521,3100,871337,22.35644762015156,35.57750904644242,5.979316842966614,10.202711465253971
CA-606,Long Beach CoC,Major City CoC,3447,692,292,1820,475317,72.52002347906766,38.29023577949032,6.143268597588557,14.558705032641374
CA-607,Pasadena CoC,Other Largely Urban CoC,556,145,101,447,137381,40.47138978461359,32.537250420363804,7.351817209075491,10.55458906253412
CA-608,Riverside City & County CoC,Largely Suburban CoC,3725,1197,710,1719,2323892,16.029144211521018,7.397073530095202,3.055219433605348,5.150841777500848
CA-609,San Bernardino City & County CoC,Largely Suburban CoC,4195,797,2136,1590,2106754,19.91214921153585,7.547155481845531,10.138820194479278,3.78307101825842
CA-611,"Oxnard, San Buenaventura/Ventura County CoC",Other Largely Urban CoC,2441,786,547,734,843110,28.952331249777608,8.705862817425958,6.487884143231607,9.32262694073134
CA-612,Glendale CoC,Other Largely Urban CoC,195,61,30,156,197895,9.853710300917152,7.882968240733722,1.5159554309103311,3.082442709517674
CA-613,Imperial County CoC,Largely Suburban CoC,1303,131,156,24,178807,72.87186743248307,1.3422293310664573,8.724490651931971,7.326335098737745
CA-614,San Luis Obispo County CoC,Largely Suburban CoC,1532,282,283,363,278680,54.97344624659107,13.025692550595664,10.155016506387254,10.119133055834649
CO-500,Colorado Balance of State CoC,Largely Rural CoC,2201,842,406,1103,1683718,13.072260319127073,6.550978251702482,2.411330163364649,5.0008374323966365
CO-503,Metropolitan Denver CoC,Major City CoC,10054,4107,1873,4573,2997276,33.54379109564818,15.257186859001306,6.249007432081663,13.702441817169989
CO-504,Colorado Springs/El Paso County CoC,Major City CoC,1302,698,120,489,665171,19.573914076230025,7.351493074713119,1.804047380297698,10.493542262064942
CT-503,"Bridgeport, Stamford, Norwalk, Danbury/Fairfield County CoC",Other Largely Urban CoC,597,434,325,1997,857728,6.960248470377556,23.28243918818087,3.7890799880614834,5.0598791225190265
CT-505,Connecticut Balance of State CoC,Largely Suburban CoC,2418,1540,1129,5395,2736355,8.836572740013631,19.71600907046052,4.125926643290071,5.62792473929735
DC-500,District of Columbia CoC,Major City CoC,4922,3720,9206,15349,659009,74.68790259313606,232.91032444169957,139.69460204640603,56.44839448323164
DE-500,Delaware Statewide CoC,Largely Suburban CoC,1245,943,226,739,934695,13.319853000176527,7.906322383237313,2.4179010265380687,10.08885251338672
FL-500,"Sarasota, Bradenton/Manatee, Sarasota Counties CoC",Largely Suburban CoC,1150,518,176,378,751422,15.304316349534616,5.03046224358616,2.3422258065374715,6.8935964078773315
FL-501,Tampa/Hillsborough County CoC,Major City CoC,2040,960,666,1425,1323059,15.418813522299459,10.770494739841535,5.0337891205154115,7.2559122457879806
FL-502,"St. Petersburg, Clearwater, Largo/Pinellas County CoC",Other Largely Urban CoC,2144,1545,667,1641,939548,22.81948341117218,17.465845278793633,7.099158318680898,16.44407736486055
FL-503,"Lakeland, Winterhaven/Polk County CoC",Largely Suburban CoC,776,282,76,211,637691,12.168903120790477,3.3088125753695756,1.1917997901805106,4.422204484617158
FL-504,"Deltona, Daytona Beach/Volusia, Flagler Counties CoC",Largely Suburban CoC,1053,278,82,432,613723,17.157577604228617,7.039006196606612,1.3361076576892181,4.5297308394829585
FL-505,"Fort Walton Beach/Okaloosa, Walton Counties CoC",Largely Suburban CoC,395,139,36,149,257326,15.350178372958815,5.79032044954649,1.3990035985481453,5.401708338838672
FL-506,Tallahassee/Leon County CoC,Other Largely Urban CoC,801,551,117,497,437469,18.309868813561646,11.360804994182445,2.6744752199584427,12.595178172624802
FL-507,"Orlando/Orange, Osceola, Seminole Counties CoC",Largely Suburban CoC,2258,1436,776,1421,2010922,11.228680177550398,7.0664103331705554,3.8589264029136885,7.141002982711412
FL-508,"Gainesville/Alachua, Putnam Counties CoC",Largely Rural CoC,1006,284,299,661,412544,24.385277691591686,16.022533354017995,7.247711759230531,6.884114179336022
FL-509,"Fort Pierce/St. Lucie, Indian River, Martin Counties CoC",Largely Suburban CoC,925,177,93,310,592070,15.623152667758879,5.235867380546219,1.5707602141638657,2.9895113753441316
FL-510,"Jacksonville-Duval, Clay Counties CoC",Major City CoC,1247,554,388,812,1178423,10.581938743558128,6.890564763247153,3.292535872093467,4.70119812664892
FL-511,"Pensacola/Escambia, Santa Rosa Counties CoC",Largely Suburban CoC,1180,290,187,240,473477,24.922013107289267,5.068884021821546,3.949505467002621,6.124901526367701
FL-512,St. Johns County CoC,Largely Suburban CoC,435,128,62,0,218362,19.921048534085603,0,2.839321860030591,5.861825775547027
FL-513,"Palm Bay, Melbourne/Brevard County CoC",Largely Suburban CoC,1052,83,125,460,560683,18.762830333717982,8.204279423488853,2.22942375638284,1.480337374238206
FL-514,Ocala/Marion County CoC,Largely Suburban CoC,454,194,53,188,340341,13.339562380083505,5.523871646378191,1.557261687542788,5.700165422326431
FL-515,"Panama City/Bay, Jackson Counties CoC",Largely Rural CoC,517,89,102,87,301679,17.137420901023937,2.8838599968841057,3.3810772377261924,2.9501556289963835
FL-517,"Hendry, Hardee, Highlands Counties CoC",Largely Rural CoC,1016,69,57,43,252514,40.23539288910713,1.7028758801492194,2.2573005853140815,2.7325217611696777
FL-518,"Columbia, Hamilton, Lafayette, Suwannee Counties CoC",Largely Rural CoC,494,82,71,101,134955,36.60479419065614,7.48397614019488,5.261012930236005,6.076099440554259
FL-519,Pasco County CoC,Largely Suburban CoC,680,119,178,414,488310,13.92558006184596,8.478220802359157,3.6452253691302654,2.4369765108230426
FL-520,"Citrus, Hernando, Lake, Sumter Counties CoC",Largely Suburban CoC,649,122,164,150,748425,8.671543574840499,2.004208838560978,2.191268330160003,1.6300898553629286
FL-600,Miami-Dade County CoC,Major City CoC,3657,2379,520,4897,2664418,13.725323879361271,18.379248301129927,1.9516457252578236,8.928779193054543
FL-601,Ft Lauderdale/Broward County CoC,Largely Suburban CoC,2487,873,639,1169,1863780,13.343849595982357,6.272199508525685,3.4285162411872645,4.684029230917812
FL-602,Punta Gorda/Charlotte County CoC,Largely Suburban CoC,427,176,111,39,169642,25.17065349382818,2.2989589842138147,6.543190955070089,10.374789262093113
FL-603,"Ft Myers, Cape Coral/Lee County CoC",Largely Suburban CoC,862,366,360,310,680970,12.658413733350955,4.552329764894195,5.286576501167453,5.374686109520244
FL-604,Monroe County CoC,Largely Rural CoC,493,244,4,180,77146,63.90480387836051,23.33238275477666,0.5184973945505924,31.628341067586135
FL-605,West Palm Beach/Palm Beach County CoC,Largely Suburban CoC,1855,693,635,1315,1398757,13.261774561271185,9.401204069041299,4.539744930677737,4.954398798361688
FL-606,Naples/Collier County CoC,Largely Suburban CoC,703,270,144,94,348236,20.187459079474838,2.6993188527320555,4.135126753121447,7.753362662102712
GA-500,Atlanta CoC,Major City CoC,2679,1677,559,1827,453856,59.02753296199676,40.25505887329902,12.316681943171403,36.95004582951421
GA-501,Georgia Balance of State CoC,Largely Rural CoC,6388,2054,1194,2522,6847767,9.328588428899524,3.682952413538603,1.7436340926903617,2.9995179450469034
GA-502,Fulton County CoC,Largely Suburban CoC,337,130,112,548,577110,5.839441354334529,9.495590095475732,1.9407045450607336,2.2526034898026372
GA-503,Athens-Clarke County CoC,Other Largely Urban CoC,353,167,317,156,122037,28.925653695190803,12.783008431869023,25.975728672451794,13.684374411039276
GA-504,Augusta-Richmond County CoC,Other Largely Urban CoC,643,407,0,184,201418,31.923661241795667,9.135231210716023,0,20.20673425413816
GA-505,Columbus-Muscogee CoC,Other Largely Urban CoC,274,313,509,215,258939,10.58164278073214,8.303113860793468,19.657139326250583,12.087789015945841
GA-506,Marietta/Cobb County CoC,Largely Suburban CoC,437,269,40,365,728388,5.999549690549542,5.011065531008199,0.5491578664118574,3.693086651619741
GA-507,Savannah/Chatham County CoC,Other Largely Urban CoC,745,405,0,797,282613,26.361136961144744,28.201108936956192,0,14.330550965454526
GA-508,DeKalb County CoC,Largely Suburban CoC,438,138,127,1093,693150,6.3189785760657875,15.76859265671211,1.8322152492245545,1.990911058212508
HI-500,Hawaii Balance of State CoC,Largely Rural CoC,2195,611,290,550,426583,51.45540258285023,12.893153266773407,6.798208086116887,14.32312117454282
HI-501,Honolulu City and County CoC,Largely Suburban CoC,4028,1476,438,2092,986999,40.810578328853424,21.19556352134095,4.437694465749205,14.95442244622335
IA-500,"Sioux City/Dakota, Woodbury Counties CoC",Other Largely Urban CoC,276,284,30,71,123123,22.41660778246144,5.766591132444791,2.436587802441461,23.066364529779165
IA-501,Iowa Balance of State CoC,Largely Rural CoC,1733,1197,1383,577,2438112,7.107958945282251,2.366585292226116,5.6724219395991655,4.909536559436154
IA-502,Des Moines/Polk County CoC,Other Largely Urban CoC,644,407,317,502,472853,13.61945467195936,10.616407213235403,6.703986228278133,8.607326166905994
ID-500,Boise/Ada County CoC,Other Largely Urban CoC,687,665,84,299,425798,16.134411152706214,7.022109075195281,1.9727664291518514,15.61773423078549
ID-501,Idaho Balance of State CoC,Largely Rural CoC,1611,847,110,426,1209685,13.317516543562993,3.5215779314449627,0.9093276348801548,7.001822788577192
IL-500,McHenry County CoC,Largely Suburban CoC,125,37,17,115,300995,4.152892905197761,3.82066147278194,0.5647934351068954,1.229256299938537
IL-501,"Rockford/DeKalb, Winnebago, Boone Counties CoC",Largely Suburban CoC,445,338,219,451,342552,12.990728414955976,13.165884303696956,6.393189939045751,9.867115065741844
IL-502,"Waukegan, North Chicago/Lake County CoC",Largely Suburban CoC,467,303,251,354,728734,6.4083739745915524,4.857739586735352,3.4443294809903198,4.157895747968395
IL-503,"Champaign, Urbana, Rantoul/Champaign County CoC",Other Largely Urban CoC,215,152,16,111,206420,10.415657397538999,5.377385912217808,0.7751186900494138,7.3636275554694315
IL-504,Madison County CoC,Largely Suburban CoC,88,44,63,149,266759,3.2988577704969653,5.585565997773271,2.361682267514873,1.6494288852484826
IL-506,"Joliet, Bolingbrook/Will County CoC",Largely Suburban CoC,343,134,142,269,800973,4.282291662765162,3.358415327358101,1.7728437787540905,1.672965256007381
IL-507,"Peoria, Pekin/Fulton, Tazewell, Peoria, Woodford Counties CoC",Largely Suburban CoC,420,433,61,356,397388,10.569015672340383,8.958498998459945,1.5350237047922937,10.896151871722347
IL-508,"East St. Louis, Belleville/St. Clair County CoC",Largely Suburban CoC,264,54,61,273,273315,9.6591844574941,9.988474836726855,2.231857014799773,1.9757422753965206
IL-510,Chicago CoC,Major City CoC,6139,5246,2099,8360,2716350,22.60018038912511,30.776593590663943,7.7272810941152645,19.312680619213282
IL-511,Cook County CoC,Largely Suburban CoC,1056,467,585,1537,2499324,4.225142478526194,6.149662868839734,2.3406329071380902,1.8685052438179284
IL-512,Bloomington/Central Illinois CoC,Largely Rural CoC,256,198,64,171,533328,4.800048000480005,3.206282062820628,1.2000120001200012,3.7125371253712536
IL-513,Springfield/Sangamon County CoC,Other Largely Urban CoC,306,120,52,146,198639,15.404829867246614,7.350016864764725,2.617814225806614,6.041109751861417
IL-514,DuPage County CoC,Largely Suburban CoC,525,388,130,442,917342,5.723056395542774,4.818268432056964,1.4171377741344013,4.229611202801136
IL-515,South Central Illinois CoC,Largely Rural CoC,170,72,60,42,403649,4.2115798627024965,1.0405079660794403,1.4864399515420577,1.783727941850469
IL-516,Decatur/Macon County CoC,Other Largely Urban CoC,110,102,62,83,108404,10.147227039592636,7.656544038965352,5.719346149588576,9.409246891258626
IL-517,"Aurora, Elgin/Kane County CoC",Largely Suburban CoC,461,407,62,194,588127,7.838443057366861,3.2986072735990697,1.0541940771295994,6.920274022447533
IL-518,"Rock Island, Moline/Northwestern Illinois CoC",Largely Rural CoC,232,293,4,24,660512,3.512426723511458,0.36335448863911635,0.060559081439852724,4.435952715469211
IL-519,West Central Illinois CoC,Largely Rural CoC,95,58,14,88,225019,4.221865709117896,3.91078086739342,0.6221696834489532,2.577560117145663
IL-520,Southern Illinois CoC,Largely Rural CoC,230,251,40,108,579396,3.969651153960331,1.8640101070770252,0.6903741137322315,4.332097563669753
IN-502,Indiana Balance of State CoC,Largely Rural CoC,4398,3618,906,2960,5657436,7.773839598008709,5.232052116895357,1.6014321682118897,6.3951231617997975
IN-503,Indianapolis CoC,Major City CoC,1619,1302,776,1209,932142,17.368598346603843,12.970126869082177,8.32491186965076,13.967828935934653
KS-502,Wichita/Sedgwick County CoC,Major City CoC,702,320,203,562,508221,13.812888487488712,11.058181381721731,3.9943253033621198,6.2964733846102385
KS-503,Topeka/Shawnee County CoC,Other Largely Urban CoC,407,260,15,318,178567,22.79256525561834,17.808441649352904,0.8400208325166464,14.560361096955205
KS-505,"Overland Park, Shawnee/Johnson County CoC",Largely Suburban CoC,235,84,28,21,572428,4.10531979567736,0.3668583647201045,0.48914448629347274,1.467433458880418
KS-507,Kansas Balance of State CoC,Largely Rural CoC,1082,873,280,309,1477299,7.324177434629009,2.0916551084106874,1.8953509072977104,5.909433364538932
KY-500,Kentucky Balance of State CoC,Largely Rural CoC,2346,1556,1480,1362,3340736,7.022404643767122,4.076945918504186,4.430161497346693,4.6576562769401715
KY-501,Louisville-Jefferson County CoC,Major City CoC,1605,781,305,1893,759724,21.12609316014763,24.916943521594682,4.014615834171357,10.280049070451902
KY-502,Lexington-Fayette County CoC,Other Largely Urban CoC,815,475,101,352,311529,26.161288355177206,11.299108590211505,3.2420737716231876,15.247376648722911
LA-500,Lafayette/Acadiana CoC,Largely Rural CoC,452,249,82,351,654560,6.905402102175508,5.362380835981423,1.252749938890247,3.804082131508189
LA-502,"Shreveport, Bossier/Northwest Louisiana CoC",Other Largely Urban CoC,223,221,93,414,484360,4.604013543645222,8.547361466677678,1.9200594599058551,4.562721942356925
LA-503,New Orleans/Jefferson Parish CoC,Other Largely Urban CoC,1390,821,1175,3666,818126,16.990047987718274,44.80972368559366,14.362090924869763,10.035129063249427
LA-505,Monroe/Northeast Louisiana CoC,Largely Rural CoC,122,80,147,56,355614,3.43068608097544,1.5747411519231527,4.133695523798275,2.249630217033075
LA-506,Slidell/Southeast Louisiana CoC,Largely Suburban CoC,182,36,54,336,566390,3.2133335687423856,5.93230812690902,0.9534066632532353,0.6356044421688236
LA-507,Alexandria/Central Louisiana CoC,Largely Rural CoC,122,13,31,208,308153,3.9590722790302224,6.749893721625296,1.0059937758191546,0.421868357601581
LA-509,Louisiana Balance of State CoC,Largely Suburban CoC,678,400,323,857,1106530,6.127262704129124,7.7449323561042185,2.919035182055615,3.6149042502236726
MA-500,Boston CoC,Major City CoC,5202,5384,2664,3531,658279,79.02424351984493,53.63987002471597,40.46916277140848,81.78902866413785
MA-502,Lynn CoC,Largely Suburban CoC,1094,1073,0,227,92074,118.81747290223082,24.65408258574625,0,116.53669874231598
MA-503,Cape Cod Islands CoC,Largely Suburban CoC,427,227,28,229,242534,17.60577898356519,9.44197514575276,1.1544773103977175,9.359512480724351
MA-504,Springfield/Hampden County CoC,Largely Suburban CoC,2683,2523,440,1008,468072,57.320241330393614,21.53514843870174,9.400263207369807,53.90196380044096
MA-505,New Bedford CoC,Largely Suburban CoC,373,244,88,350,94988,39.268118078073016,36.84675959068514,9.264328125657977,25.687455257506212
MA-506,Worcester City & County CoC,Largely Suburban CoC,1607,1262,709,954,813589,19.751987797278478,11.725822251775774,8.7144737699256,15.511517486101706
MA-507,"Pittsfield/Berkshire, Franklin, Hampshire Counties CoC",Largely Suburban CoC,622,464,165,620,360514,17.253144122003583,17.197667774344406,4.5767986818819795,12.870512656928717
MA-509,Cambridge CoC,Other Largely Urban CoC,474,279,17,467,108757,43.5834015281775,42.93976479674872,1.563117776327041,25.653521152661437
MA-511,"Quincy, Brockton, Weymouth, Plymouth City and County CoC",Largely Suburban CoC,1472,950,265,1191,655607,22.452475339647076,18.166371011901948,4.042055682748964,14.490388296647229
MA-515,Fall River CoC,Largely Suburban CoC,433,264,76,192,88902,48.705315965895025,21.596814469865695,8.548739060988504,29.695619896065327
MA-516,Massachusetts Balance of State CoC,Largely Suburban CoC,4432,3133,347,1961,1070716,41.39286234631779,18.314847261085106,3.2408220293710004,29.260793711871308
MA-519,"Attleboro, Taunton/Bristol County CoC",Largely Suburban CoC,322,248,38,87,370978,8.67975998576735,2.3451525427383833,1.0243195014259605,6.685032535622058
MD-501,Baltimore CoC,Major City CoC,1627,1325,590,3351,621000,26.199677938808374,53.96135265700483,9.500805152979066,21.336553945249598
MD-503,Annapolis/Anne Arundel County CoC,Largely Suburban CoC,241,107,105,189,559737,4.30559351981377,3.3765857893975206,1.8758809941097336,1.9116120606642049
MD-504,Howard County CoC,Largely Suburban CoC,145,71,51,113,308447,4.700969696576721,3.663514315263238,1.653444513968364,2.301854127289291
MD-505,Baltimore County CoC,Largely Suburban CoC,612,512,246,511,825666,7.412198152763951,6.188943228860096,2.9794129829737446,6.201054663750233
MD-506,Carroll County CoC,Largely Suburban CoC,122,97,43,54,167535,7.282060464977468,3.2232070910556003,2.5666278688035336,5.789834959859134
MD-511,Mid-Shore Regional CoC,Largely Rural CoC,139,78,185,92,171303,8.11427704126606,5.370600631629335,10.799577357080729,4.553335318120523
MD-513,"Wicomico, Somerset, Worcester Counties CoC",Largely Rural CoC,329,294,123,310,178867,18.39355498778422,17.331313210374187,6.876617822180727,16.436793818871003
MD-600,Prince George's County CoC,Largely Suburban CoC,595,353,82,369,897693,6.628101143709486,4.110536675678656,0.913452594595257,3.9323020230747034
MD-601,Montgomery County CoC,Largely Suburban CoC,894,560,478,2112,1026371,8.710300661261863,20.57735458230991,4.657185364746276,5.456116745309444
ME-500,Maine Statewide CoC,Largely Rural CoC,4258,3361,521,2262,1329923,32.01689120347569,17.00850349982668,3.9175200368743153,25.272139815613386
MI-500,Michigan Balance of State CoC,Largely Rural CoC,1698,1474,897,450,2363563,7.184069136299731,1.9039052481359708,3.795117794617702,6.236347412783158
MI-501,Detroit CoC,Major City CoC,1482,1019,726,2883,683443,21.684324808360024,42.183473969299556,10.622685432435476,14.909802280512054
MI-502,"Dearborn, Dearborn Heights, Westland/Wayne County CoC",Largely Suburban CoC,199,134,218,548,1084150,1.835539362634322,5.054651109163861,2.010791864594383,1.235991329613061
MI-503,"St. Clair Shores, Warren/Macomb County CoC",Largely Suburban CoC,319,252,62,251,859703,3.7105837713722067,2.9196129360953726,0.7211792909877015,2.9312448601435612
MI-504,"Pontiac, Royal Oak/Oakland County CoC",Largely Suburban CoC,386,248,181,625,1235215,3.1249620511408946,5.059847880733313,1.4653319462603676,2.007747639074979
MI-505,Flint/Genesee County CoC,Largely Suburban CoC,396,271,97,295,413090,9.586288702219855,7.14130092715873,2.348156576048803,6.5603137330848
MI-506,"Grand Rapids, Wyoming/Kent County CoC",Largely Suburban CoC,1239,932,290,1076,629352,19.68691606604889,17.096950514179664,4.60791417203727,14.80888278737495
MI-507,"Portage, Kalamazoo City & County CoC",Other Largely Urban CoC,635,537,73,406,258605,24.554822992594886,15.69961911022602,2.8228379188337427,20.76525975909205
MI-508,"Lansing, East Lansing/Ingham County CoC",Other Largely Urban CoC,685,478,118,466,286362,23.920771610758408,16.273108862209373,4.120658467254733,16.692158875828497
MI-509,Washtenaw County CoC,Largely Suburban CoC,266,173,224,613,358082,7.428466105528901,17.118983919884272,6.255550404655917,4.831295625024436
MI-510,Saginaw City & County CoC,Largely Suburban CoC,324,284,79,281,195201,16.59827562358799,14.395418056259958,4.047110414393369,14.549105793515404
MI-511,Lenawee County CoC,Largely Rural CoC,149,153,29,7,98673,15.100382070069827,0.7094139227549583,2.939000537127684,15.505761454501233
MI-512,"Grand Traverse, Antrim, Leelanau Counties CoC",Largely Rural CoC,198,121,62,273,170415,11.618695537364669,16.019716574245226,3.6381773904879267,7.100313939500631
MI-514,Battle Creek/Calhoun County CoC,Other Largely Urban CoC,241,213,6,148,134691,17.89280649783579,10.98811353394065,0.4454640621867831,15.8139742076308
MI-515,Monroe City & County CoC,Largely Suburban CoC,127,165,32,17,149945,8.469772249824937,1.1337490413151488,2.1341158424755746,11.004034812764681
MI-516,"Norton Shores, Muskegon City & County CoC",Largely Suburban CoC,161,171,27,136,172148,9.352417687106444,7.900178915816623,1.568417872993006,9.933313195622372
MI-517,Jackson City & County CoC,Largely Rural CoC,137,100,54,117,159483,8.590257268799808,7.3362051127706405,3.3859408212787567,6.270260780145846
MI-518,Livingston County CoC,Largely Suburban CoC,88,52,11,16,185841,4.735230654161353,0.860951028029337,0.5919038317701691,2.798090841095345
MI-519,Holland/Ottawa County CoC,Largely Suburban CoC,212,105,128,118,283503,7.477875013668285,4.162213451004046,4.514943404478965,3.703664511486651
MI-523,Eaton County CoC,Largely Suburban CoC,55,39,39,46,108544,5.067069575471698,4.237912735849057,3.593012971698113,3.593012971698113
MN-500,Minneapolis/Hennepin County CoC,Major City CoC,3312,1916,1122,2780,1209265,27.388537665441405,22.98917110806978,9.27836330332888,15.844335195345934
MN-501,Saint Paul/Ramsey County CoC,Other Largely Urban CoC,1680,1104,360,2644,531528,31.606989659999098,49.74338134585572,6.772926355714092,20.770307490856545
MN-502,Rochester/Southeast Minnesota CoC,Largely Rural CoC,496,331,171,293,716694,6.920666281565075,4.088216170360014,2.385955512394411,4.618428506447661
MN-503,"Dakota, Anoka, Washington, Scott, Carver Counties",Largely Suburban CoC,807,590,412,840,1253072,6.440172631740236,6.703525415937791,3.287919608769488,4.708428565956306
MN-504,Northeast Minnesota CoC,Largely Rural CoC,87,30,28,72,125426,6.936360882113757,5.740436592094143,2.2323920080366113,2.3918485800392264
MN-505,St. Cloud/Central Minnesota CoC,Largely Rural CoC,801,570,194,300,726642,11.02330996556764,4.128580511448554,2.6698153974033985,7.844302971752252
MN-506,Northwest Minnesota CoC,Largely Rural CoC,336,360,124,187,170266,19.73382824521631,10.98281512456979,7.282722328591733,21.1433874055889
MN-508,Moorhead/West Central Minnesota CoC,Largely Rural CoC,174,106,78,566,239644,7.260770142377861,23.618367244746374,3.254827994859041,4.423227787885363
MN-509,Duluth/St.Louis County CoC,Largely Rural CoC,579,239,69,657,200353,28.89899327686633,32.79212190483796,3.443921478590288,11.92894541134897
MN-511,Southwest Minnesota CoC,Largely Rural CoC,121,122,119,162,277978,4.352862456741181,5.827799322248523,4.2809143169603345,4.388836526631604
MO-500,St. Louis County CoC,Largely Suburban CoC,446,214,140,425,1000560,4.4575037978731915,4.24762133205405,1.3992164387942752,2.1388022707283922
MO-501,St.Louis City CoC,Other Largely Urban CoC,1252,834,319,1797,316030,39.61649210517989,56.86169034585324,10.093978419770275,26.389899693067115
MO-503,"St. Charles City & County, Lincoln, Warren Counties CoC",Largely Suburban CoC,395,63,26,264,467432,8.450427013982782,5.647880333396087,0.5562306388950693,1.3477896250149752
MO-600,"Springfield/Greene, Christian, Webster Counties CoC",Other Largely Urban CoC,617,413,268,167,404577,15.250496197262821,4.12776801449415,6.62420256218223,10.20819275440769
MO-602,"Joplin/Jasper, Newton Counties CoC",Largely Rural CoC,255,192,63,206,176117,14.479011111931273,11.696769761011145,3.57716745118302,10.901843660748254
MO-603,"St. Joseph/Andrew, Buchanan, DeKalb Counties CoC",Other Largely Urban CoC,175,72,117,187,119468,14.648274014798941,15.65272709009944,9.793417484179864,6.026718451802994
MO-606,Missouri Balance of State CoC,Largely Rural CoC,1792,1196,352,1105,2735762,6.550277399861538,4.039094043999441,1.2866616321156592,4.37172531821116
MS-500,"Jackson/Rankin, Madison Counties CoC",Largely Suburban CoC,315,295,270,396,570931,5.517304192625729,6.936039556443773,4.729117879393482,5.166999164522508
MS-501,Mississippi Balance of State CoC,Largely Rural CoC,412,288,554,278,1936338,2.127727700432466,1.4356997590296734,2.8610707428145292,1.4873436352537626
MS-503,Gulf Port/Gulf Coast Regional CoC,Largely Rural CoC,255,51,265,30,481923,5.291301722474337,0.6225060849969808,5.498803750806664,1.0582603444948675
MT-500,Montana Statewide CoC,Largely Rural CoC,2178,1245,343,905,1023391,21.28218833270959,8.843149881130477,3.3516026621301145,12.16543823426237
NC-500,Winston-Salem/Forsyth County CoC,Other Largely Urban CoC,396,237,152,325,364691,10.858507613294544,8.911653975557389,4.167912013183764,6.498652283714158
NC-501,Asheville/Buncombe County CoC,Largely Suburban CoC,573,209,108,554,250112,22.90973643807574,22.150076765609008,4.31806550665302,8.356256397134084
NC-502,Durham City & County CoC,Other Largely Urban CoC,375,176,92,356,294618,12.728346536871474,12.083443645669986,3.1226876837124684,5.973837307971678
NC-503,North Carolina Balance of State CoC,Largely Rural CoC,3311,2473,515,1617,5053002,6.552540450211577,3.200077894289375,1.019196113518261,4.8941203664673
NC-504,"Greensboro, High Point CoC",Other Largely Urban CoC,452,300,79,449,511815,8.831316002852594,8.77270107363012,1.5435264695251214,5.8614929222472965
NC-505,Charlotte/Mecklenberg CoC,Major City CoC,1916,1354,968,1455,1011774,18.9370353458381,14.380681851876012,9.567353974306515,13.382435207862624
NC-506,"Wilmington/Brunswick, New Hanover, Pender Counties CoC",Largely Suburban CoC,558,238,10,256,391955,14.23632814991517,6.531362018599074,0.25513132885152634,6.072125626666327
NC-507,Raleigh/Wake County CoC,Major City CoC,916,375,270,686,998576,9.173062440915865,6.869782570380221,2.703850282802711,3.7553476150037657
NC-509,"Gastonia/Cleveland, Gaston, Lincoln Counties CoC",Largely Suburban CoC,388,216,84,133,388649,9.983301127752807,3.4221109535853684,2.161333233843391,5.557714029883005
NC-511,Fayetteville/Cumberland County CoC,Other Largely Urban CoC,474,55,99,235,325841,14.546972296304027,7.212106518209802,3.038291682139448,1.6879398234108047
NC-513,Chapel Hill/Orange County CoC,Other Largely Urban CoC,126,49,43,43,139807,9.012424270601615,3.0756686002846783,3.0756686002846783,3.504831660789517
NC-516,Northwest North Carolina CoC,Largely Rural CoC,269,168,48,54,209988,12.810255824142333,2.5715755186010627,2.285844905423167,8.000457168981084
ND-500,North Dakota Statewide CoC,Largely Rural CoC,784,665,129,494,736162,10.649829792898846,6.710479486852079,1.7523316878621824,9.033337770762413
NE-500,Nebraska Balance of State CoC,Largely Rural CoC,558,408,425,140,893187,6.247292000443356,1.567420932010878,4.758242115033022,4.567912430431702
NE-501,"Omaha, Council Bluffs CoC",Major City CoC,1475,1272,281,808,808911,18.23439166978815,9.988737945212762,3.4738061418376067,15.724844884047814
NE-502,Lincoln CoC,Other Largely Urban CoC,429,328,293,305,251662,17.046673713154945,12.119430029166104,11.642599995231699,13.033354260873711
NH-500,New Hampshire Balance of State CoC,Largely Rural CoC,1555,1462,141,559,922555,16.85536363685634,6.059259339551572,1.528364162570253,15.847293657288725
NH-501,Manchester CoC,Other Largely Urban CoC,538,365,27,441,110231,48.806597055274835,40.00689461222343,2.449401710952454,33.112282388801695
NH-502,Nashua/Hillsborough County CoC,Largely Suburban CoC,348,258,15,222,294717,11.807937784382984,7.53264996589949,0.5089628355337493,8.754160771180489
NJ-500,Atlantic City & County CoC,Largely Suburban CoC,440,104,112,189,274026,16.056870515936446,6.897155744345427,4.08720340405655,3.7952603037667956
NJ-501,Bergen County CoC,Largely Suburban CoC,390,237,84,488,930310,4.192151003428965,5.245563306854705,0.9029248315077769,2.5475379174683708
NJ-502,Burlington County CoC,Largely Suburban CoC,933,292,31,338,450236,20.72246555139971,7.507174015405254,0.6885277943123161,6.485487610941817
NJ-503,"Camden City & County/Gloucester, Cape May, Cumberland Counties CoC",Largely Suburban CoC,1167,476,135,1026,1053579,11.076530568661678,9.738235101496898,1.2813467238811707,4.517933633832869
NJ-504,Newark/Essex County CoC,Largely Suburban CoC,1594,1263,600,1142,792586,20.11138223486158,14.408531061613504,7.570156424665588,15.935179273921063
NJ-506,"Jersey City, Bayonne/Hudson County CoC",Largely Suburban CoC,920,310,241,612,668526,13.76161884504118,9.154468188223046,3.6049458061466573,4.637067219524746
NJ-507,New Brunswick/Middlesex County CoC,Largely Suburban CoC,660,167,126,797,831852,7.934103662670764,9.58103124113424,1.514692517418964,2.0075686540394204
NJ-508,Monmouth County CoC,Largely Suburban CoC,483,89,164,493,627532,7.696818648292039,7.8561730716521225,2.6134125431053716,1.4182543679047444
NJ-509,Morris County CoC,Largely Suburban CoC,465,109,88,245,498215,9.33331995222946,4.917555673755307,1.7663057113896612,2.1878104834258303
NJ-510,Lakewood Township/Ocean County CoC,Largely Suburban CoC,434,69,38,348,586166,7.404045952852947,5.936884773255358,0.648280521217539,1.177140946421321
NJ-511,Paterson/Passaic County CoC,Largely Suburban CoC,392,270,44,549,507204,7.728645673141379,10.82404712896586,0.8675010449444405,5.323301866704521
NJ-512,Salem County CoC,Largely Suburban CoC,67,33,0,0,64504,10.386952747116458,0,0,5.115961800818553
NJ-513,Somerset County CoC,Largely Suburban CoC,338,80,5,269,331686,10.190360762890203,8.110080015436287,0.15074498169955922,2.4119197071929475
NJ-514,Trenton/Mercer County CoC,Largely Suburban CoC,714,225,229,399,371101,19.240045162907133,10.751789943977517,6.170826809952008,6.063039442092584
NJ-515,Elizabeth/Union County CoC,Largely Suburban CoC,848,212,301,314,550436,15.405969086324294,5.704568741870082,5.4683923289901095,3.8514922715810735
NJ-516,"Warren, Sussex, Hunterdon Counties CoC",Largely Suburban CoC,419,105,129,134,377497,11.099425955702959,3.549697083685433,3.417245699965828,2.7814790581117204
NM-500,Albuquerque CoC,Major City CoC,2394,1337,696,2567,524815,45.61607423568305,48.91247391938112,13.261816068519384,25.475643798290825
NM-501,New Mexico Balance of State CoC,Largely Rural CoC,1448,1393,661,1347,1557854,9.294837642038342,8.64650987833263,4.243016354549271,8.941787869723349
NV-500,Las Vegas/Clark County CoC,Major City CoC,6566,2067,1683,2328,2070153,31.71746242910548,11.245545619091923,8.129833881843517,9.98476924169373
NV-501,"Reno, Sparks/Washoe County CoC",Other Largely Urban CoC,1690,1156,193,681,439914,38.41659960810522,15.480298421964294,4.387221138677105,26.27786340057375
NV-502,Nevada Balance of State CoC,Largely Rural CoC,410,148,70,141,329105,12.458030111970343,4.284346940945898,2.126980750824205,4.497045016028319
NY-500,"Rochester, Irondequoit, Greece/Monroe County CoC",Largely Suburban CoC,803,662,453,1394,749236,10.717584312553054,18.60561959115686,6.046159020655708,8.835667266388695
NY-501,"Elmira/Steuben, Allegany, Livingston, Chemung, Schuyler Counties CoC",Largely Rural CoC,594,52,196,309,316551,18.764748808248907,9.761460238634534,6.191735296997956,1.6427052828770088
NY-503,Albany City & County CoC,Largely Suburban CoC,889,314,283,822,307891,28.873854708322103,26.697759921530672,9.19156454719365,10.198414373918043
NY-505,"Syracuse, Auburn/Onondaga, Oswego, Cayuga Counties CoC",Largely Suburban CoC,924,580,441,946,667346,13.845891037033264,14.175555109343577,6.608266176765876,8.69114372454469
NY-507,Schenectady City & County CoC,Largely Suburban CoC,430,173,88,435,154845,27.76970518906003,28.092608737770025,5.683102457296005,11.17246278536601
NY-508,"Buffalo, Niagara Falls/Erie, Niagara, Orleans, Genesee, Wyoming Counties CoC",Largely Suburban CoC,1560,1102,410,1263,1273493,12.249772868794723,9.917604572620345,3.219491587311434,8.653365193212684
NY-510,Ithaca/Tompkins County CoC,Largely Rural CoC,273,121,41,123,104268,26.182529635170905,11.796524341120957,3.932174780373652,11.604710937200291
NY-511,"Binghamton, Union Town/Broome, Otsego, Chenango, Delaware, Cortland, Tioga Count",Largely Rural CoC,676,558,250,503,452488,14.939622708226516,11.116316896801683,5.5250083980127656,12.33181874436449
NY-512,Troy/Rensselaer County CoC,Largely Suburban CoC,156,84,152,695,159959,9.752499077888709,43.4486337123888,9.502434998968486,5.2513456573246895
NY-513,"Wayne, Ontario, Seneca, Yates Counties CoC",Largely Rural CoC,426,334,3,167,261466,16.292749344082978,6.387063710004361,0.11473767143720406,12.774127420008721
NY-514,"Jamestown, Dunkirk/Chautauqua County CoC",Largely Rural CoC,136,140,5,16,131748,10.322737347056503,1.2144396878890003,0.37951240246531254,10.626347269028752
NY-518,"Utica, Rome/Oneida, Madison Counties CoC",Largely Rural CoC,282,267,178,429,308074,9.153644903497213,13.925225757447887,5.7778325986613615,8.66674889799204
NY-519,"Columbia, Greene Counties CoC",Largely Rural CoC,135,23,6,48,109929,12.280653876593075,4.366454711677537,0.5458068389596922,2.0922595493454867
NY-520,"Franklin, Essex Counties CoC",Largely Rural CoC,63,17,27,22,89605,7.030857653032755,2.455220132805089,3.013224708442609,1.8972155571675688
NY-522,"Jefferson, Lewis, St. Lawrence Counties CoC",Largely Rural CoC,182,26,146,420,256602,7.092696081869978,16.367760188930717,5.689745208533059,1.0132422974099968
NY-523,"Glens Falls, Saratoga Springs/Saratoga, Washington, Warren, Hamilton Counties Co",Largely Suburban CoC,332,88,61,228,357002,9.299667788975972,6.386518843031691,1.708673900986549,2.464972185029776
NY-600,New York City CoC,Major City CoC,88025,87955,1501,38633,8461961,104.02435085673405,45.65490197839485,1.7738205127629398,103.94162771489965
NY-601,Poughkeepsie/Dutchess County CoC,Largely Suburban CoC,691,588,10,276,295905,23.35208935300181,9.327317889187407,0.3379463003328771,19.87124245957317
NY-602,"Newburgh, Middletown/Orange County CoC",Largely Suburban CoC,491,217,75,297,376242,13.05011136449413,7.893855550417019,1.993397866266924,5.767564493065633
NY-603,"Nassau, Suffolk Counties CoC",Largely Suburban CoC,3536,3424,702,2428,2854931,12.38558830318491,8.504583823567014,2.458903560191122,11.993284601274077
NY-604,"Yonkers, Mount Vernon/Westchester County CoC",Largely Suburban CoC,1317,1112,228,1497,972484,13.542639261931301,15.39356945718387,2.344511580653255,11.434635428449209
NY-606,Rockland County CoC,Largely Suburban CoC,157,43,32,75,322642,4.8660744726353045,2.324557869093298,0.9918113574798074,1.3327465116134911
NY-608,Kingston/Ulster County CoC,Largely Rural CoC,435,77,37,162,180505,24.099055427827484,8.974820642087478,2.0498047145508433,4.265809811362566
OH-500,Cincinnati/Hamilton County CoC,Largely Suburban CoC,967,646,1309,1920,809554,11.944848645056414,23.716762563090292,16.169396976606873,7.979702404039755
OH-501,Toledo/Lucas County CoC,Other Largely Urban CoC,631,547,71,1027,434800,14.512419503219872,23.620055197792087,1.6329346826126956,12.580496780128795
OH-502,Cleveland/Cuyahoga County CoC,Largely Suburban CoC,1629,1369,1004,5711,1258710,12.941821388564483,45.37184895647131,7.976420303326421,10.876214537105447
OH-503,Columbus/Franklin County CoC,Major City CoC,2337,1148,545,3486,1272193,18.36985425953452,27.40150275940836,4.283941194457131,9.023788057315203
OH-504,Youngstown/Mahoning County CoC,Other Largely Urban CoC,161,237,113,497,233015,6.9094264317747784,21.32909898504388,4.849473209879193,10.171019033109456
OH-505,"Dayton, Kettering/Montgomery County CoC",Largely Suburban CoC,870,474,295,1436,536856,16.205462917430374,26.74832729819542,5.494955816829839,8.829183244668961
OH-506,"Akron, Barberton/Summit County CoC",Largely Suburban CoC,648,279,391,709,541372,11.969588379155184,13.096355186452199,7.222390518903823,5.153572774358482
OH-507,Ohio Balance of State CoC,Largely Rural CoC,3823,2674,1363,3677,6125679,6.240940800195374,6.002599875050587,2.225059458714699,4.365230368747693
OH-508,"Canton, Massillon, Alliance/Stark County CoC",Largely Suburban CoC,320,253,181,592,374762,8.53875259498028,15.796692300713518,4.829731936535721,6.750951270406285
OK-500,North Central Oklahoma CoC,Largely Rural CoC,214,191,39,20,314238,6.810124809857497,0.6364602626035044,1.2410975120768335,6.078195507863467
OK-501,Tulsa City & County CoC,Major City CoC,1133,546,638,567,683162,16.58464610151033,8.299641959008259,9.338926930947565,7.992247812378323
OK-502,Oklahoma City CoC,Major City CoC,1436,1005,237,973,621561,23.10312262191482,15.654135314152594,3.8129805441461095,16.168968130239833
OK-503,Oklahoma Balance of State CoC,Largely Rural CoC,339,118,18,46,661323,5.126088159643624,0.695575384494415,0.27218167219346673,1.784302073268282
OK-504,Norman/Cleveland County CoC,Largely Suburban CoC,213,125,22,79,200143,10.64239069065618,3.9471777678959543,1.0992140619457087,6.245534442873346
OK-505,Northeast Oklahoma CoC,Largely Rural CoC,331,194,34,11,440915,7.507115884013926,0.24948119252010023,0.7711236859712189,4.399941031718131
OK-506,Southwest Oklahoma Regional CoC,Largely Rural CoC,409,108,43,14,408443,10.013637153776658,0.3427650859483453,1.0527784782699177,2.6441878058872352
OK-507,Southeastern Oklahoma Regional CoC,Largely Rural CoC,573,532,147,105,541012,10.59126230102105,1.9408072279357944,2.717130119110112,9.833423288208024
OR-500,"Eugene, Springfield/Lane County CoC",Other Largely Urban CoC,2824,777,297,991,360273,78.38500248422723,27.506918364684555,8.243748490727866,21.566978374732496
OR-501,"Portland, Gresham/Multnomah County CoC",Major City CoC,6297,1830,3655,5560,778193,80.91822979646437,71.4475714893349,46.96778305638832,23.51601723479908
OR-502,"Medford, Ashland/Jackson County CoC",Largely Suburban CoC,1143,375,153,481,210916,54.19219025583645,22.80528741299854,7.254072711411178,17.779589978948966
OR-503,Central Oregon CoC,Largely Rural CoC,1647,419,67,133,214452,76.80040288735941,6.201854027940984,3.1242422546770374,19.538171712084754
OR-505,Oregon Balance of State CoC,Largely Rural CoC,5365,1033,449,84,1459378,36.76223706263901,0.5755876818754292,3.0766532043103294,7.07835804020617
OR-506,"Hillsboro, Beaverton/Washington County CoC",Largely Suburban CoC,773,449,443,382,564088,13.70353561855597,6.771993022365304,7.853384578292748,7.959750960842989
OR-507,Clackamas County CoC,Largely Suburban CoC,410,188,243,1092,394967,10.38061407661906,27.647879443092712,6.152412733215686,4.759891332693617
PA-500,Philadelphia CoC,Major City CoC,4725,3714,1325,5288,1559938,30.289665358495014,33.898783156766484,8.49392732275257,23.80863854845513
PA-501,Harrisburg/Dauphin County CoC,Largely Suburban CoC,353,194,114,264,271962,12.979754524529163,9.707238511262602,4.191762084408851,7.133349512064186
PA-502,"Upper Darby, Chester, Haverford/Delaware County CoC",Largely Suburban CoC,360,287,226,417,562316,6.4020941961459394,7.4157591105357135,4.019092467580506,5.103891761927457
PA-503,"Wilkes-Barre, Hazleton/Luzerne County CoC",Largely Suburban CoC,138,104,142,374,318917,4.327144680277314,11.727189205968951,4.452569163763612,3.2610365706437725
PA-504,"Lower Merion, Norristown, Abington/Montgomery County CoC",Largely Suburban CoC,357,162,297,199,815876,4.375664929474577,2.4390961371580975,3.640259058974648,1.9855958503498081
PA-505,Chester County CoC,Largely Suburban CoC,436,242,72,193,512028,8.515159327224293,3.7693251150327716,1.4061730999085988,4.726304030248346
PA-506,Reading/Berks County CoC,Largely Suburban CoC,554,345,35,453,414097,13.378507934131376,10.939465873937749,0.8452125951166032,8.331381294720801
PA-508,Scranton/Lackawanna County CoC,Largely Suburban CoC,234,73,141,238,213006,10.9856060392665,11.17339417668986,6.619531844173404,3.427133507976301
PA-509,Eastern Pennsylvania CoC,Largely Rural CoC,2024,1444,1061,1124,3104479,6.519612469596348,3.6205753042620037,3.417642702688599,4.65134407415866
PA-510,Lancaster City & County CoC,Largely Suburban CoC,526,285,62,236,533110,9.866631652004276,4.4268537450057215,1.1629870008065877,5.345988632739959
PA-511,"Bristol, Bensalem/Bucks County CoC",Largely Suburban CoC,320,134,269,90,626220,5.110025230749577,1.4371945961483183,4.295614959598863,2.139823065376385
PA-512,York City & County CoC,Largely Suburban CoC,332,276,235,274,440604,7.535110893228386,6.218736098628247,5.333587529845394,6.264128332924803
PA-600,"Pittsburgh, McKeesport, Penn Hills/Allegheny County CoC",Largely Suburban CoC,1026,813,879,1985,1230360,8.3390227250560809,16.133489385220585,7.1442504632790405,6.607822100848532
PA-601,Western Pennsylvania CoC,Largely Rural CoC,730,763,579,1228,1732726,4.213014637051675,7.087098594930762,3.3415554450039995,4.40346598365812
PA-603,Beaver County CoC,Largely Suburban CoC,70,73,128,152,169205,4.136993587659939,8.983186076061582,7.5647882745781745,4.314293312845365
PA-605,Erie City & County CoC,Largely Suburban CoC,371,256,174,423,279133,13.29115511243744,15.154066341134872,6.233587572949096,9.1712552797412
RI-500,Rhode Island Statewide CoC,Largely Suburban CoC,1810,868,407,1375,1054491,17.164679451982046,13.039466434516749,3.859682064616958,8.231459538298573
SC-500,Charleston/Low Country CoC,Largely Suburban CoC,404,151,240,441,988953,4.085128413584872,4.459261461363685,2.4268089585652706,1.526867303097316
SC-501,"Greenville, Anderson, Spartanburg/Upstate CoC",Largely Suburban CoC,1424,901,149,354,1467009,9.7068252478342,2.4130731304306927,1.015672023825348,6.141748278299588
SC-502,Columbia/Midlands CoC,Largely Suburban CoC,1165,764,145,717,1481381,7.864283395021268,4.840078278309226,0.9788163882215312,5.157349797249998
SC-503,"Myrtle Beach, Sumter City & County CoC",Largely Rural CoC,1060,483,293,409,897262,11.813717732390316,4.558311842026075,3.265489901500342,5.3830430799476625
SD-500,South Dakota Statewide CoC,Largely Rural CoC,1282,1064,326,542,851058,15.063603185681822,6.368543624523828,3.8305262391047377,12.50208563928663
TN-500,Chattanooga/Southeast Tennessee CoC,Largely Rural CoC,1735,238,51,471,679721,25.52517871303079,6.929313644863113,0.7503078468960058,3.5014366188480275
TN-501,Memphis/Shelby County CoC,Major City CoC,1292,941,600,1469,936990,13.788834459279181,15.677862090310462,6.403483495021292,10.042796614691724
TN-502,Knoxville/Knox County CoC,Largely Suburban CoC,921,467,107,317,448164,20.550512758722252,7.0733035228175405,2.387518854704974,10.420292571469373
TN-503,Central Tennessee CoC,Largely Rural CoC,235,120,109,57,1123984,2.0907770929123544,0.5071246565787414,0.9697646941593474,1.067630855955245
TN-504,Nashville-Davidson County CoC,Major City CoC,2129,1015,955,1003,667885,31.876745248059173,15.017555417474567,14.298868817236501,15.197227067534083
TN-506,Upper Cumberland CoC,Largely Rural CoC,613,277,21,130,563185,10.884522847732095,2.308300114527198,0.3728792492697781,4.918454859415645
TN-507,Jackson/West Tennessee CoC,Largely Rural CoC,765,24,90,170,670222,11.41412845296036,2.5364729895467475,1.3428386415247486,0.35809030440659956
TN-509,Appalachian Regional CoC,Largely Rural CoC,572,338,99,426,506941,11.28336433628371,8.403344767931573,1.9528899812798728,6.667442562349465
TN-510,Murfreesboro/Rutherford County CoC,Largely Suburban CoC,337,113,114,255,290289,11.609120566056585,8.78434938974608,3.927120903651189,3.8926724746717922
TN-512,"Morristown/Blount, Sevier, Campbell, Cocke Counties CoC",Largely Rural CoC,616,163,11,61,660628,9.324460967443098,0.923363829568229,0.16650823156148392,2.4673492495019893
TX-500,San Antonio/Bexar County CoC,Major City CoC,3155,2009,750,1921,1885702,16.731169612165655,10.187187583191829,3.9772986399759875,10.653857290282346
TX-503,Austin/Travis County CoC,Major City CoC,2374,1020,1168,1557,1221863,19.429346825298744,12.742836144477737,9.559173164258187,8.34790807152684
TX-600,"Dallas City & County, Irving CoC",Major City CoC,4244,2152,1251,2422,3624796,11.708245098482784,6.681755331886263,3.4512287036291145,5.936885827505879
TX-601,"Fort Worth, Arlington/Tarrant County CoC",Major City CoC,2776,1562,1555,2059,2056662,13.497599508329516,10.011367935032592,7.56079511363559,7.594830847266104
TX-603,El Paso City & County CoC,Major City CoC,1112,1091,400,154,833592,13.3398593076709,1.8474265587961498,4.798510542327661,13.087937504198695
TX-604,Waco/McLennan County CoC,Largely Rural CoC,242,116,130,110,356567,6.786943267324233,3.0849742124201063,3.6458786146783075,3.2532455330975667
TX-607,Texas Balance of State CoC,Largely Rural CoC,9065,4415,1182,1480,10504126,8.629942177007397,1.4089701513481465,1.1252721073604792,4.2031102825689635
TX-611,Amarillo CoC,Other Largely Urban CoC,683,314,13,184,188456,36.24188139406546,9.763552235004457,0.6898161905166192,16.66171414017065
TX-624,"Wichita Falls/Wise, Palo Pinto, Wichita, Archer Counties CoC",Largely Rural CoC,264,395,0,29,329699,8.007303631494182,0.8795901716414062,0,11.98062475166743
TX-700,"Houston, Pasadena, Conroe/Harris, Ft. Bend, Montgomery, Counties CoC",Major City CoC,3270,2061,2440,7027,5628844,5.809363343521334,12.483913215573216,4.334815461220812,3.6614978137606937
TX-701,"Bryan, College Station/Brazos Valley CoC",Other Largely Urban CoC,192,136,72,0,326128,5.887258990335083,0,2.207722121375656,4.170141784820684
UT-500,Salt Lake City & County CoC,Largely Suburban CoC,2297,1420,643,2472,1097677,20.926010110442324,22.52028602220872,5.857825207233093,12.936410255475883
UT-503,Utah Balance of State CoC,Largely Suburban CoC,1165,807,353,433,1224828,9.511539579434828,3.535190247120412,2.8820373146270333,6.588680206526957
UT-504,Provo/Mountainland CoC,Largely Suburban CoC,225,91,59,152,625922,3.5946971028338996,2.428417598358901,0.9426094625208892,1.4538552727017104
VA-500,"Richmond/Henrico, Chesterfield, Hanover Counties CoC",Largely Suburban CoC,690,299,241,938,1050134,6.570590038985501,8.93219341531652,2.294945216515226,2.847255683560384
VA-501,"Norfolk, Chesapeake, Suffolk/Isle of Wight, Southampton Counties CoC",Largely Suburban CoC,653,329,372,890,628710,10.386346646307517,14.155970161123571,5.916877415660638,5.23293728428051
VA-502,"Roanoke City & County, Salem CoC",Largely Suburban CoC,334,476,88,142,278230,12.004456744420084,5.103691190741472,3.162850878769363,17.108147935161558
VA-503,Virginia Beach CoC,Major City CoC,313,164,231,367,449733,6.959684968636947,8.160397391341085,5.136380919345478,3.646608098582937
VA-504,Charlottesville CoC,Largely Rural CoC,191,111,30,125,244137,7.8234761629740674,5.120076022888788,1.2288182454933092,4.546627508325243
VA-505,"Newport News, Hampton/Virginia Peninsula CoC",Other Largely Urban CoC,480,270,168,693,484270,9.911826047452868,14.310198856010077,3.4691391166085035,5.575402151692239
VA-507,Portsmouth CoC,Other Largely Urban CoC,117,75,55,173,96071,12.178492989559805,18.00751527516108,5.724932601929822,7.80672627535885
VA-508,Lynchburg CoC,Largely Rural CoC,137,94,102,79,258062,5.308801760817167,3.061279847478513,3.952538537250738,3.6425355147212684
VA-513,"Harrisburg, Winchester/Western Virginia CoC",Largely Rural CoC,320,282,42,119,359806,8.893681595081794,3.307337843171042,1.1672957093544856,7.837556905665831
VA-514,"Fredericksburg/Spotsylvania, Stafford Counties CoC",Largely Suburban CoC,217,214,89,220,351482,6.1738581207572505,6.259210998002742,2.5321353582829276,6.088505243511759
VA-521,Virginia Balance of State CoC,Largely Rural CoC,1088,803,433,420,1698956,6.403932768123482,2.472106399459433,2.54862397849032,4.7264319970617255
VA-600,Arlington County CoC,Other Largely Urban CoC,213,194,182,247,226092,9.420943686640836,10.92475629389806,8.04982042708278,8.580577817879448
VA-601,Fairfax County CoC,Largely Suburban CoC,1310,502,527,652,1170104,11.195586033378229,5.572154270047791,4.503873159992616,4.290216937981581
VA-602,Loudoun County CoC,Largely Suburban CoC,220,69,25,21,362435,6.070053940706609,0.5794142397947218,0.6897788568984784,1.9037896450398002
VA-603,Alexandria CoC,Other Largely Urban CoC,152,121,110,63,151473,10.03479167904511,4.15915707749896,7.262020294045803,7.988222323450384
VA-604,Prince William County CoC,Largely Suburban CoC,326,235,82,166,500606,6.512107325920984,3.3159810309904394,1.6380147261519038,4.694310495679237
VT-500,Vermont Balance of State CoC,Largely Rural CoC,2537,513,63,234,465739,54.4725694004582,5.0242732517568855,1.3526889523960846,11.014752898082403
VT-501,Burlington/Chittenden County CoC,Other Largely Urban CoC,758,252,59,96,160510,47.22447199551429,5.980935767241917,3.6757834402840945,15.699956389010032
WA-500,Seattle/King County CoC,Major City CoC,14149,5288,1247,7251,2085371,67.84883840812978,34.77079138436278,5.979751324824216,25.357598240313113
WA-501,Washington Balance of State CoC,Largely Rural CoC,6764,4659,3379,1744,2209995,30.606404086887075,7.891420568824817,15.289627352098082,21.081495659492443
WA-502,Spokane City & County CoC,Other Largely Urban CoC,2390,1242,706,1122,485859,49.19122626111691,23.093119608775385,14.530964744915707,25.562971973350294
WA-503,"Tacoma, Lakewood/Pierce County CoC",Largely Suburban CoC,2148,1632,816,1209,827075,25.971042529395763,14.617779524226943,9.866094368709003,19.732188737418006
WA-504,Everett/Snohomish County CoC,Largely Suburban CoC,1285,682,599,1557,758649,16.93800426811345,20.52332501591645,7.895614440933818,8.989664522064881
WA-508,Vancouver/Clark County CoC,Largely Suburban CoC,1300,406,461,645,458516,28.3523366687313,14.067120885639758,10.054174772527022,8.854652836542236
WI-500,Wisconsin Balance of State CoC,Largely Rural CoC,2940,1915,631,893,4087801,7.192130928095571,2.1845486118331103,1.5436172162001038,4.684670315409189
WI-501,Milwaukee City & County CoC,Major City CoC,1056,764,491,2210,955306,11.054049697165096,23.133948703347407,5.13971439517809,7.997437470297475
WI-502,Racine City & County CoC,Largely Suburban CoC,241,167,92,147,194873,12.367028782848317,7.543374402816193,4.721023435776121,8.56968384537622
WI-503,Madison/Dane County CoC,Other Largely Urban CoC,624,473,603,895,516818,12.07388287559644,17.317508291119893,11.667550278821558,9.1521580130723
WV-500,"Wheeling, Weirton Area CoC",Largely Rural CoC,113,81,24,16,145047,7.790578226368004,1.1030907223175936,1.6546360834763905,5.584396781732817
WV-501,"Huntington/Cabell, Wayne Counties CoC",Largely Rural CoC,244,195,203,387,137860,17.699115044247787,28.071957057884813,14.725083417960251,14.144784564050486
WV-503,"Charleston/Kanawha, Putnam, Boone, Clay Counties CoC",Largely Suburban CoC,293,196,74,147,279057,10.499647025518085,5.267740999150711,2.6517879859670246,7.023654665534282
WV-508,West Virginia Balance of State CoC,Largely Rural CoC,766,693,314,446,1284128,5.965137431782502,3.4731740138054774,2.445239103889955,5.396658277056493
WY-500,Wyoming Statewide CoC,Largely Rural CoC,532,621,94,266,583029,9.124760517915918,4.562380258957959,1.6122697155716097,10.651271206063505
